--
-- NOTE
--
-- ID   -   0: CCCD, Mgr_ID, High_Mgr
--      -   1: Student_ID
--      -   2: Uni_ID
--      -   3: Room_type_ID
--      -   4: Bill_ID
--      -   5: Noti_ID
--      -   6: Warn_ID

-- ROOM_ID  1: AH1
--          2: AH2
--          3: AG3
--          4: AG4



--
-- INSERT BE_WARNED
--

SET FOREIGN_KEY_CHECKS = 0;
INSERT INTO BE_WARNED(Warn_ID, Student_ID)
VALUES
('700000000001', '111191300001'),
('700000000002', '111191300002'),
('700000000003', '111191300003'),
('700000000004', '111191300004');
SET FOREIGN_KEY_CHECKS = 1;

--
-- INSERT BILL
--

SET FOREIGN_KEY_CHECKS = 0;
INSERT INTO BILL(Bill_ID, Detail, Amount, Date_issue, Date_paid, Date_expire, Mgr_ID, Student_ID)
VALUES
('500000000001', 'Tiền nước', '20000', '2023-06-01', NULL, '2023-06-15', '012098001513', '100002111913'),
('500000000002', 'Tiền điện', '20000', '2023-06-01', NULL, '2023-06-15', '012098001513', '100002111913'),
('500000000003', 'Tiền điện', '35000', '2023-06-01', '2023-06-02', '2023-06-15', '023087001315', '100002112256'),
('500000000004', 'Tiền nước', '15000', '2023-06-01', '2023-06-02', '2023-06-15', '023087001315', '100002112256');
SET FOREIGN_KEY_CHECKS = 1;

--
-- INSERT BUILDING
--

SET FOREIGN_KEY_CHECKS = 0;
INSERT INTO BUILDING(Name, Status, Mgr_ID)
VALUES
('AH1', 'A', '023087001315'),
('AH2', 'R', '012096001513'),
('AG3', 'F', '012199001213'),
('AG4', 'A', '083098001513');
SET FOREIGN_KEY_CHECKS = 1;

--
-- INSERT EMPLOYEE
--

SET FOREIGN_KEY_CHECKS = 0;
INSERT INTO EMPLOYEE(CCCD_number, CCCD_date, Fname, Lname, DOB, Sex, Religion, Ethnicity, Email, Phone, Address, Bname)
VALUES
('023087001315', '2021-04-10', 'Trọng', 'Trang Sĩ', '1987-10-27', 'M', 'Không', 'Kinh', 'TrongAH1@gmail.com', '0819871027', 'Long An', 'AH1'),
('012096001513', '2021-03-31', 'Thành', 'Nguyễn Sỹ', '1996-10-27', 'M', 'Phật', 'Kinh', 'ThanhAH2@gmail.com', '0819961027', 'Tiền Giang', 'AH2'),
('083199001213', '2021-04-05', 'Giang', 'Trần Ngọc Quỳnh', '1999-04-24', 'F', 'Không', 'Kinh', 'GiangAG3@gmail.com', '0819990424', 'Bến Tre', 'AG3'),
('083098001513', '2021-04-05', 'Quân', 'Nguyễn Phúc Minh', '1998-12-23', 'M', 'Không', 'Kinh', 'QuanAG4@gmail.com', '0819981203', 'Bến Tre', 'AG4');
SET FOREIGN_KEY_CHECKS = 1;

--
-- INSERT LIVES_IN
--

SET FOREIGN_KEY_CHECKS = 0;
INSERT INTO LIVES_IN(Student_ID, Date_in, Date_out, Room_ID)
VALUES
('100002111913', '2021-10-15', NULL, 514),
('100002112256', '211191300002', NULL),
('100002111128', '211191300003'),
('100002222256', '211191300004');
SET FOREIGN_KEY_CHECKS = 1;

--
-- INSERT MANAGER
--

SET FOREIGN_KEY_CHECKS = 0;
INSERT INTO MANAGER(CCCD_number, Mgr_start_date, High_Mgr)
VALUES
('WARN00000001', '211191300001'),
('WARN00000002', '211191300002'),
('WARN00000003', '211191300003'),
('WARN00000004', '211191300004');
SET FOREIGN_KEY_CHECKS = 1;

--
-- INSERT NOTIFICATION
--

SET FOREIGN_KEY_CHECKS = 0;
INSERT INTO NOTIFICATION(ID, Title, Content, Date, Mgr_ID)
VALUES
('WARN00000001', '211191300001'),
('WARN00000002', '211191300002'),
('WARN00000003', '211191300003'),
('WARN00000004', '211191300004');
SET FOREIGN_KEY_CHECKS = 1;

--
-- INSERT RELATIVE
--

SET FOREIGN_KEY_CHECKS = 0;
INSERT INTO RELATIVE(Student_ID, Fname, Lname, DOB, Phone, Address, Relationship)
VALUES
('WARN00000001', '211191300001'),
('WARN00000002', '211191300002'),
('WARN00000003', '211191300003'),
('WARN00000004', '211191300004');
SET FOREIGN_KEY_CHECKS = 1;

--
-- INSERT ROOM
--

SET FOREIGN_KEY_CHECKS = 0;
INSERT INTO ROOM(Room_ID, Status, Bname, Room_type_ID, Leader_ID)
VALUES
('WARN00000001', '211191300001'),
('WARN00000002', '211191300002'),
('WARN00000003', '211191300003'),
('WARN00000004', '211191300004');
SET FOREIGN_KEY_CHECKS = 1;

--
-- INSERT ROOM_TYPE
--

SET FOREIGN_KEY_CHECKS = 0;
INSERT INTO ROOM_TYPE(Room_type_ID, Room_type_name, Max_student, Cost)
VALUES
('WARN00000001', '211191300001'),
('WARN00000002', '211191300002'),
('WARN00000003', '211191300003'),
('WARN00000004', '211191300004');
SET FOREIGN_KEY_CHECKS = 1;

--
-- INSERT STAFF
--

SET FOREIGN_KEY_CHECKS = 0;
INSERT INTO STAFF(CCCD_number, Job, Super_CCCD_number)
VALUES
('WARN00000001', '211191300001'),
('WARN00000002', '211191300002'),
('WARN00000003', '211191300003'),
('WARN00000004', '211191300004');
SET FOREIGN_KEY_CHECKS = 1;

--
-- INSERT STUDENT
--

SET FOREIGN_KEY_CHECKS = 0;
INSERT INTO STUDENT(CCCD_number, CCCD_date, Fname, Lname, DOB, Sex, Religion, Ethnicity, Phone, Email, Avatar, Bank_name, Bank_number, Address, Status)
VALUES
('WARN00000001', '211191300001'),
('WARN00000002', '211191300002'),
('WARN00000003', '211191300003'),
('WARN00000004', '211191300004');
SET FOREIGN_KEY_CHECKS = 1;

--
-- INSERT STUDIES_IN
--

SET FOREIGN_KEY_CHECKS = 0;
INSERT INTO STUDIES_IN(CCCD_number, Student_ID, Uni_ID, Department)
VALUES
('WARN00000001', '211191300001'),
('WARN00000002', '211191300002'),
('WARN00000003', '211191300003'),
('WARN00000004', '211191300004');
SET FOREIGN_KEY_CHECKS = 1;

--
-- INSERT UNIVERSITY
--

SET FOREIGN_KEY_CHECKS = 0;
INSERT INTO UNIVERSITY(Uni_ID, Name, Uni_Email, Uni_phone)
VALUES
('WARN00000001', '211191300001'),
('WARN00000002', '211191300002'),
('WARN00000003', '211191300003'),
('WARN00000004', '211191300004');
SET FOREIGN_KEY_CHECKS = 1;

--
-- INSERT UNIVERSITY
--

SET FOREIGN_KEY_CHECKS = 0;
INSERT INTO UNIVERSITY(Uni_ID, Name, Uni_Email, Uni_phone)
VALUES
('WARN00000001', '211191300001'),
('WARN00000002', '211191300002'),
('WARN00000003', '211191300003'),
('WARN00000004', '211191300004');
SET FOREIGN_KEY_CHECKS = 1;

--
-- INSERT UNIVERSITY_ADDRESS
--

SET FOREIGN_KEY_CHECKS = 0;
INSERT INTO UNIVERSITY_ADDRESS(Uni_ID, Uni_address)
VALUES
('WARN00000001', '211191300001'),
('WARN00000002', '211191300002'),
('WARN00000003', '211191300003'),
('WARN00000004', '211191300004');
SET FOREIGN_KEY_CHECKS = 1;

--
-- INSERT WARNING
--

SET FOREIGN_KEY_CHECKS = 0;
INSERT INTO WARNING(ID, Date, Detail, Note, Mgr_ID, Type)
VALUES
('WARN00000001', '211191300001'),
('WARN00000002', '211191300002'),
('WARN00000003', '211191300003'),
('WARN00000004', '211191300004');
SET FOREIGN_KEY_CHECKS = 1;

--
-- INSERT WORK_IN
--

SET FOREIGN_KEY_CHECKS = 0;
INSERT INTO WORK_IN(Employee_ID, Date_in, Date_out, Bname)
VALUES
('WARN00000001', '211191300001'),
('WARN00000002', '211191300002'),
('WARN00000003', '211191300003'),
('WARN00000004', '211191300004');
SET FOREIGN_KEY_CHECKS = 1;








